country,1970,1971,1972,1973,1974,1975,1976,1977,1978,1979,1980,1981,1982,1983,1984,1985,1986,1987,1988,1989,1990,1991,1992,1993,1994,1995,1996,1997,1998,1999,2000,2001,2002,2003,2004,2005,2006,2007,2008,2009,2010,2011,2012,2013,2014,2015,2016,2017
Afghanistan,,,,,28.8,,,29,31.5,,43.4,52.2,,,25,26.3,,,,,,,,42.1,,,,,,,,,,,,,,,,,,,,,,,,
Albania,,,,,,,,,,,,,,,,,,,,,,,,,,,92,,,,96.7,96.7,,94.9,93.9,,,96.1,93,91.7,90.1,93,99.5,93.4,105,106,106,
Algeria,,,52.5,54.3,57.6,63.3,70,73,75.8,74.8,73,78,77.3,79.7,85,101,81.6,82.7,83.4,86.2,84.6,82,85.2,84.8,83.4,84,86.5,85.4,,83.6,80,86.2,88.1,90.1,91.2,93.6,84.7,93.8,119,91.1,95.8,97.9,102,106,108,106,106,
Angola,,,,,,,,,,,,,,,,,,,,,,,,,,,,,,,,,,,,,,,44.3,43.7,46.2,59.3,,,,,,
Antigua and Barbuda,,,,,,77.7,79.4,,,,,,,,,,,,,,,,89.4,,,,,,,,,,,,,,,,96.1,87.8,94.1,94.7,,,101,79,,
Argentina,67.6,68.5,,,,75.6,75.7,,,,,,,,,,,,,,,,,,,,91.9,90.1,98.3,97.6,98.1,97.5,101,99.5,98.2,96.4,99,102,105,105,105,105,104,101,102,102,,
Armenia,,,,,,,,,,,,,,,,,,,,,,,,,,,,,,,,,93.3,88.8,101,92.2,92.8,101,105,,,,,,,93.4,89.6,
Austria,,94.3,96.1,96.2,,,,,,,,,,,,,,,,,,,,,,,,,101,101,,,101,,99.2,,,,,,,97.3,96.1,97.9,98.1,101,99.7,
Azerbaijan,,,,,,,,,,,,,,,,,,,,,,,,101,96.3,88,79.1,102,96.3,92.6,93.8,96.3,94.6,95.1,96.3,97.3,92.2,97.8,91.7,92.1,90,93.3,92.3,89.4,98.6,105,113,
Bahamas,,,,,,,,,,,,,,,,,,,,,,,,,,,,,,80.3,,,,,,106,105,107,99.8,98.1,91.5,,,,,,96.3,
Bahrain,,,,,,,,,,,,,104,95.1,93.4,97.7,92,91.9,99.4,103,,101,101,100,92.8,91.3,90.1,,93.1,102,98.4,94.6,100,100,99,98.8,,,,,,87.2,92.8,95.8,96.8,97.2,96.3,
Bangladesh,,,,,,,57.8,,,,,34.7,,,,,,,,,,,,,,,,,,,,,,,,61.9,,,54.4,60.5,61.9,68.5,,85.8,,89.9,,
Barbados,,,,,,,,,,,,,,,,,,,,,,,,,,,,,,97.2,100,106,103,106,100,90.9,97.2,92.3,93.6,93.9,93.1,97.4,,,,,,
Belarus,,,,,,,,,,,,,,,,,,,,,,,,96.2,99.2,97.5,96.3,97.1,,98.6,102,106,132,102,104,101,98.7,96.6,98.8,,,108,104,99.7,98.1,97,96.7,
Belgium,,,,,66.8,68.9,69.8,70.9,74.5,66.7,66.2,72.4,73.3,69,72.4,70.9,69.8,69.1,70.7,,,76.1,,,,,,,,,,,,,,,,,,,,,,,,,,
Belize,,,,,,,,,,,,,,,,,,,,,,,94.3,,,88.9,96.3,,,99.8,103,99.6,,95.4,97.8,99.1,99,96.7,94.4,98.3,103,103,107,102,104,105,105,
Benin,,26.4,30.7,31.2,29.8,37.4,35.9,35.4,37.8,39,40.2,43.8,45.8,52.6,41.3,47.3,43.1,41.6,37.9,37.3,26.1,29.1,29.7,32.6,35.1,40.9,44.2,47.3,50.8,,49.4,54.1,56.6,60.8,63.1,,,,73.6,,75,79.1,80.4,85.5,85.2,86,,
Bhutan,,,,,,,,,12.7,13.8,,,,,,,,,,,,,,27.8,31.9,,,,50.8,53.1,52.9,53.9,,,,,71.2,,75.5,76.8,81,85.1,95.5,92.9,89.1,,92.3,
Bolivia,,,,,,,,,,,,,,,,,,,,,,,,,,,,,,,,,,,,,,,,,,97.9,98.7,96,92.7,91.3,92,
Botswana,35.5,39.3,45.5,,,,,,,49.6,,64.7,68.5,62.2,67.3,71,80.6,82.7,80.8,76.6,79.9,81,82.2,82,85.4,83.5,86.5,,91.1,89.7,91.3,93.4,95.1,94.7,94.2,92.4,96.5,94.2,95.5,97.5,,,99.5,101,62.7,,,
Brunei,,,107,107,111,102,113,106,96.8,102,92.4,89.9,84.1,80,60.3,,116,,,,,,,,,,,109,118,121,120,130,124,126,112,104,107,108,105,102,106,112,108,107,100,101,,
Bulgaria,,,,,,,,,,,,,,,,,98.5,103,102,101,99.1,87.3,87.7,86.1,88.1,88,90.3,94.7,94.5,97.2,96.6,103,97.2,98.9,99.1,98.3,99.1,102,96.1,101,113,110,102,99.9,98.7,97.9,94.9,
Burkina Faso,,9.57,8.92,9.09,8.53,9.64,9.6,10.7,11.1,12.2,11.9,13.2,13.5,14.3,15.1,17.6,,19.9,21.3,20.9,24.6,24.6,31.5,32.8,33.5,21.8,27,,,27.6,29.8,31.6,32,33.3,34.6,35.9,36.6,39.1,43.3,47.3,49.9,,58.7,62.2,59.1,60.6,59.5,
Burundi,,8.69,,15.1,14.7,15.4,14.2,14.6,14.5,14.4,14.8,15.3,18.2,25,34.6,36.8,37.6,37.2,50.1,40.8,49.7,50.1,56.5,60.2,,,,,,,27.3,28.3,29.1,35.3,39.4,40,,43.5,46.1,51.5,54.1,57.7,63.2,69.6,67.3,62.1,65,
Cambodia,,,,,,,,,,,,,,,,,,,,,,,,,,51,,21.5,38.1,46.5,,56.3,64.1,70.3,80.9,88.5,89.7,90.7,85.9,83.2,85,87.6,93.6,97.8,96.7,94.8,90.6,
Cameroon,,,,58.1,56.9,59,60.3,60.8,72.2,60.7,57.9,57.7,56.2,56,57.7,59.1,59.3,60.9,61.3,,59,59.8,,,,,,,,53.8,54,,,62.3,65.2,,56.2,60.6,77.7,77.4,79.3,78.1,81.6,,79.2,80.2,79.4,
Canada,,,,,,,,,,,,,,,,,,,,,,,,,,,,,93.8,95.2,97.2,,,,,,97.1,,,,,,,,,,,
Cape Verde,,,,,7.74,11.3,,13,14,12,19,29.6,25.9,24.8,32.5,35,36.5,40.9,46.5,,60.3,,,,77.1,,,,98,,102,96.5,98.4,97.8,97.6,80.2,92.5,88,93.8,91.4,94.5,87.3,90.4,85.8,90.3,88.8,85.9,
Central African Republic,,44,38.8,48.8,42.4,54.9,43.2,,61.3,,,42.2,42,37.8,,,48.3,36.2,37.3,37.8,41.7,36.6,29.8,,,,,,,,,,,,30.1,32.7,32.2,,44.3,46.8,50.6,51.5,53.7,,,,50.9,
Chad,,,,,,,18.7,17.7,,,,,,,,,,,19.2,21,26.6,29.1,,,27.9,22,22.6,23.3,,28.8,31.6,34.3,37.7,43.5,44.3,39.8,38.8,,,39.4,38.6,41.9,42.6,46.3,,,,
Chile,81.1,88.4,92.7,93.1,91.1,90.8,91.8,89,,,,,,96.6,,,,,,,,,,,,,,,,,,,,,,,,,,,,94.1,96.3,95.9,95.3,93.8,93.2,
China,,,,,,,,,,,,,,,,,,,,,,,,,,,94.6,92.1,,,,,,,,,89.2,94.3,104,106,107,104,,100,,,,
Colombia,58.9,48,48.2,50.9,51.1,,,,,,,,66,68.9,69.9,64,71.2,66.5,65.7,65.1,60.7,67.5,72.6,75.9,77,81.1,83.1,,90,91.9,92.6,,91.8,,101,106,114,116,117,122,121,120,114,103,101,101,102,
Comoros,,,,,,,,,,,,,,,,,80.7,61.3,,,,,49,,,,,,,51,,,61.6,60.6,63.3,,,66.5,82.1,,,,,72.8,75,,,
"Congo, Dem. Rep.",,61.7,64.1,,,,73.2,75.4,79,,76.7,77.7,80.9,82,82.9,,,,64.1,,,65.6,61,66.9,57.5,,,,,37.5,,,51.1,,,,,66.1,71.3,74.4,72.5,76.2,81.2,76.8,,69.5,,
"Congo, Rep.",,,69.6,79.8,67.1,76.2,76.7,79.4,78.4,85.7,85.4,81.3,81.2,71.7,76.6,72.5,72.4,71.9,73.4,68.1,59.3,58.9,61.2,63.9,54.8,,48.7,,,30.6,,56.2,59.7,57.4,83.9,72.5,79.5,76.4,70.6,70,69.5,74.4,66.2,,,,,
Costa Rica,75.4,74.8,84.3,89.2,88.3,83.9,79.9,86.6,83.1,81.4,82.3,85.8,86.4,,,77,78.4,75.6,75.5,74.7,,78.5,80.5,82.9,81.2,80.6,81.7,,,84.8,90.9,93.5,96.6,,96.1,95.2,90.7,92.8,93.4,97.8,98.8,103,102,98.6,99,99.2,95.7,
Cote d'Ivoire,,,,53.3,53.7,,62,65.6,65.4,67.9,70.4,74.2,,70.9,69,57.2,59.5,57.7,58.9,53.7,51.7,57.6,51.5,52.8,51.8,50.1,51.8,48.7,47.5,,52.8,59.2,,,,,54.4,53.2,,53.6,,59.3,62.9,60.6,62.7,68.2,71.8,
Croatia,,,,,,,,,,,,,,,,,,,,,,,,,,79.9,84.8,86,90.8,89.7,91.5,95.1,99.3,97.8,,103,102,104,98,93.2,91.2,93.2,92.6,93.9,96.2,100,97,
Cuba,,59.6,54,,,,,,,,,,,,,,,,,,,,,,,,,,,93.6,96.3,95.9,101,95.8,92.6,93.1,91.1,91.3,87.5,95.6,95.3,96.9,96.4,94.6,98.5,98.5,,
Cyprus,,86.8,87.6,84.3,86.3,79.3,79.9,73.1,78.5,84,72.7,88.5,76.7,78.4,75.8,57.8,61.6,68.3,80.2,79.8,78.5,82.8,83.6,101,104,99.6,98.1,98.5,,102,98,97.6,100,99.4,88.1,100,101,99.9,101,103,97.9,102,100,98.8,99.6,95.9,,
Czech Republic,,,,,,,,,,,,,,,,,,,,,,,,95.7,104,,110,,,99.3,98.8,99.2,104,100,99.6,99.2,94.6,96.2,98.6,103,106,104,101,99.3,98,96,,
Denmark,,94.3,91.1,92.2,91.1,,,,,,,93.2,91.2,91.8,98.2,99.5,97.2,98.4,102,98.2,95.1,97.5,96.8,99,96.4,,,,101,102,100,101,105,,100,100,102,102,101,97.7,98.9,99.6,97.6,98.6,98.3,99.2,105,
Djibouti,,,29,28.2,28.1,26.7,26,,,,,,,,,,,,,,,,,,,,,,,27.7,31.5,31.3,,,,38,42.2,,47.7,,,47.7,,50.8,59.9,64.5,65.8,60.3
Dominica,,,,,,,,,,,,,,,,,,,89.3,,,,,,,,,,,109,114,120,103,102,101,98.3,90.3,91.5,86.7,86,83.9,85.6,105,103,104,106,116,
Dominican Republic,,32.8,,,,,,,,,,,,,,,,,,,,,,,,,,,,68.7,74,,86.5,,84,,80.4,88.6,,92.7,92,90.1,89.6,90,91.4,95.8,95.5,
Ecuador,,57.7,56,59.5,63.1,67,71.3,72.9,71.7,76.5,79.5,,,,,,,95.8,95.3,,,,,,94.9,92.6,92.1,95.4,,95.9,96.4,96.5,96.6,96,95.9,100,100,100,,,98.7,106,110,111,112,115,108,104
Egypt,,68.5,64.4,68.5,70.2,73.8,74.7,75,69.5,47.1,54.7,64.9,,,,,83.2,,,,,,,,,,,90.8,,92.3,90.3,88.6,85.9,88,89.9,93.7,88,93.7,,98.4,102,,,100,,,93.2,
El Salvador,,43.4,46.5,52.2,53.1,,51.9,53.1,,,,46.1,49.3,50.2,47.7,,,60.7,64.1,61.9,,65.6,66.9,69.9,,71.9,78.3,,81.8,,93.4,90.5,88.9,88.1,,88.9,89.1,92.3,94,96.7,101,104,104,102,100,97.7,94,
Equatorial Guinea,,,,,,,,,,,,,,,,,,,,,,,,,38.3,,,,,,50.2,,,42.5,,44.4,,,41.9,43.2,43.6,41.4,43,,,39.6,,
Eritrea,,,,,,,,,,,,,,,,,,,,,,,,,21.6,26.7,37.6,41.5,,37.1,39.2,39.8,41.4,47.3,56.2,65.1,63.7,60.3,59.8,60.8,50.7,48.9,45.5,43.1,,45.4,,
Estonia,,,,,,,,,,,,,,,,,,,,,,,,,,78.8,90.8,,89.2,92.5,94.8,100,102,107,103,104,96.9,95.6,95.2,98.8,102,102,105,105,100,98.3,,
Ethiopia,,,,,,,,,,,,,24,,,,,29.7,29.4,27.7,,,,,16.1,16.5,18,,,25.4,28.6,35.5,40.3,43.9,45.8,50.6,52.4,52.2,52.8,52.6,59.8,54.9,50.2,,53.9,55.4,,
Fiji,,,,,,,,,,,96.5,96.1,,94.8,91.4,92.3,95,,,,,,104,,103,101,100,103,101,99.4,96,95.3,99.6,,109,,112,,106,105,,104,103,103,,106,,
Finland,,,,,,,,,,,,,,,,,,103,106,105,102,97.6,96,95.7,97.1,101,100,,97.8,96.1,96,102,101,102,99.9,101,96.8,98,99.5,98.1,98.1,98.2,99.8,101,98.9,99.3,101,
France,,90.4,89.8,,,,,,,,,,,,,,,,,,,,,,,,,,,,,,,,,,,,,,,,,,,,,
Gabon,,,72.2,70.9,,91.4,99.2,89.2,91.1,87.7,87.6,93.3,94.2,92,80.1,,,70.8,69.5,66.1,,,56.5,,,66.1,65.4,68.8,,,,,72.3,70.5,,,,,,,,,,,,,,
Gambia,,36.5,38.5,36.4,35,36,35.8,29.1,36.8,38.1,41.6,40,45.4,51,59.1,60.7,62.8,68.5,,57.1,,,52.1,47.9,47.7,48.6,55.2,55.5,,80,79.5,80.5,78.4,79.6,77.2,72.3,69.6,75.2,77.8,,71.8,67.2,69,67.6,67.4,66.5,67.8,
Georgia,,,,,,,,,,,,,,,,,,,,,,,,,,,,,,,96,97.4,94.5,89.2,94.3,85.3,,,97.2,103,105,,102,105,105,106,119,
Germany,,,,,,,,,,,,,,,,,,,,,,,,99.9,96.4,95.7,96.2,98.6,,102,104,106,102,101,99.7,96.8,98.2,103,102,102,102,102,99.1,99.8,99,101,,
Ghana,,72.6,66.2,,60.6,63,66.3,68.6,70.6,70.3,70.8,75.7,,,,,,,,,,73.4,75.5,,,,,,,73,76,71.5,73,69.6,74.5,77.7,72.7,78.6,83.6,86.1,,91.7,85.2,97.2,96,101,,95.3
Greece,,98.8,96.9,95.9,94.9,96,96.9,97.7,101,101,98.1,96.8,95.3,95.3,97.9,100,106,95.4,96.4,94.1,,,96.8,,,,,,,,,,,,98.5,94.7,97.9,96,,,93.4,91.4,94.8,93.7,93.1,95.6,,
Grenada,,,,,,,,,90.1,92.2,,,,95.3,84.7,,,,,,,,,,,,,,,95.2,,,94.8,101,,103,,97.1,115,129,119,,,,,,62.1,
Guatemala,,,,,,,31.3,30.9,32.3,,,,,,,,,,,,,,,,,,49.7,,,55.5,60.2,62.6,65.7,,71.3,74.7,77,77.1,79.8,83.8,85.4,86.8,85.2,85.2,85.5,83.3,,
Guinea,,,,,,,,,,,,,,,31.3,24.7,23.4,23,18.7,20.6,30.9,26,25.3,28.3,28.9,28.9,,,35.2,40.2,42.8,44.4,48.7,46.8,57.9,64.6,68.4,67.8,59.7,67.1,68.9,,68.2,68.8,70.1,,,
Guinea-Bissau,,,,,,,,,,22.7,18.1,24.5,26.7,20.6,18.1,,,12.9,8.47,,,,,,,,,,,,35.2,,,,,,,,,,71.9,,,,,,,
Guyana,,95.4,90.2,91.6,92.7,,87.9,93.5,86.8,90.3,80.6,,84.3,,,,,85.9,,,,,89.9,87.4,,77.5,77.9,84.9,,102,102,93.5,,77.2,,90.1,92.4,91.7,95.6,99.4,94.8,99.6,98,,,,,
Haiti,,,,,,,,,,27.7,28.8,,30.3,33.4,,36.4,39,40.4,,,,,,,,,,49.6,,,,,,,,,,,,,,,,,,,,
Honduras,,,,,,,,,,,41.7,,46.9,,51,,,,,,,65.3,62,63.6,65.1,67.8,64.8,65.6,72.3,,,,,74.7,,74.8,81.1,,80.9,83.8,87.5,89.3,87.7,81.7,78,79.9,82.7,
Hungary,,,,,,,97.7,98.7,103,98.7,96.7,93,92.1,93.8,101,113,103,96.1,88.5,83.1,81.1,,,,,,,98.5,98.4,97,97.2,98.4,99.8,96.6,94.3,94.2,99,95.6,97.7,96.9,97.6,98.5,97.7,97.4,96.5,96.9,98.8,
Iceland,,,,,,,,,,,,,,,,,,,,,,,,,,,,,85.5,90.4,103,115,106,109,99.3,101,94.9,95,94.8,99.5,98.9,101,94.6,,,,,
India,,50.9,,,53.2,,,,,,,,,,,,,75.3,76.5,,,,,,,81.3,,,,76.8,79.4,78.9,82.1,83.1,,,,,94.8,95.3,,92.5,,93.7,95.3,95.4,94.3,
Indonesia,,,,,,,,,,,,,,,,,,,,,,,,,,93.7,93.1,95.9,,,,93.4,94.7,95.6,94.8,93.3,91.9,96.7,96.3,97.5,,98,103,100,106,105,98.6,
Iran,,63.5,,,,,,,,,,,,,,,,90.1,89.1,89.1,91.2,94.4,97,102,98.3,101,,99.1,,,93.8,97.5,97.7,95.8,100,101,99.4,94.9,97.4,102,104,103,101,,,101,,
Iraq,,59.1,57.2,61.4,62.5,74,73.5,91.1,89.3,,92.2,,,64.4,,71.4,70.5,62.6,63.6,64.4,,,,64.4,,,,,,62.6,61.3,,,,90.6,,,76.1,,,,,,,,,,
Ireland,,,,,,,,,,,,,,,,,,,,,,,98.7,99,97,95.9,,,,,,,,,,,,,,,,,,,,,,
Israel,,,,,,,,,,,,,,,,,,,,,,,,,,,,,,,,,105,105,108,104,102,102,99.8,102,101,101,105,101,102,108,102,
Italy,,97.2,99,98.7,100,108,106,105,102,102,103,101,101,100,99.8,102,102,101,99.8,100,101,98,98.1,,97.6,99,99.2,95.7,,100,101,104,102,102,101,99.3,99.8,102,105,103,103,105,101,100,101,101,,
Jamaica,,,,,,,75,76.6,,82,80.7,80.6,,,84.7,,,86.6,88.2,90.9,91.9,88.4,,86.3,,,,,,,83.8,77.7,83.6,,85,,,,,,,,,,,,,
Japan,,103,99.5,97.5,97.3,97.3,97.8,102,97.4,89.2,104,102,98,97.4,98,98.3,100,102,99.6,99.8,102,102,99.7,,97.1,,,,99.8,98.9,98.4,98.7,96.1,96,98.5,99.1,99,103,,101,100,102,102,,,,,
Jordan,,,76.4,82.9,96,105,104,103,103,102,101,97.3,94.6,89.5,91.8,91.8,,83.6,87,89,91.5,93.4,93.9,91.9,95.5,,90.8,,,91.3,93.2,,91.2,94,95,,,,,,,,,,,,,
Kazakhstan,,,,,,,,,,,,,,,,,,,,,,,,,103,99.5,,,,,92.2,94.9,95.8,97.1,103,104,101,97.3,101,104,106,113,106,108,114,113,110,108
Kenya,59.6,61.3,64.5,65.1,,,,74.7,75,,90.9,88.2,,,,,,,,,,,,,,,,,,,,,,,89.2,89.5,,,,,,,,,98.8,101,102,
Kiribati,,,,,,,,79.3,85.4,74.4,84.9,132,123,128,131,131,126,107,107,112,99.2,112,116,109,,109,121,118,,107,103,116,109,122,121,125,117,135,106,,,,,,106,,95.8,
Kuwait,,65.3,60.5,61.2,57.7,66.8,89.6,74.4,80.1,83.1,86.1,97.3,93.9,93.8,93.5,97.1,100,102,,,,,56.3,,76.5,64.3,101,102,,107,101,85.1,90.3,92.3,94.7,109,,105,,,98.3,98.6,97.3,97.6,,,97.4,
Kyrgyz Republic,,,,,,,,,,,,,,,,,,,,,,,,,,,,,,93.8,94.1,94.4,95.1,91.2,92.8,97.7,102,98,96.1,97.8,97,95.6,96.6,102,107,113,106,
Lao,,,,,,,,,,,,,,,,,,,,,,,45,48,54.6,,62.8,66.4,69.6,75.2,73,72.2,71.8,71.3,71.8,74.1,79,81,82.7,85.9,88.8,94.4,97.2,101,103,103,101,
Latvia,,,,,,,,,,,,,,,,,,,,,,,,,,,,,,94.1,95.8,98.3,96.4,100,94.5,91.5,92.1,93,93.4,94.9,101,103,107,108,101,99.3,,
Lebanon,,,,,,,,,,,,,,,,,,,,,,,,,,,,,102,117,114,109,102,97,90.9,84,81.4,83.6,86.7,86.5,89.1,86.1,83.2,80.1,71.8,73.5,73.3,
Lesotho,,,27.3,28.6,34.5,35.8,33.8,30.3,29.4,29.6,28.9,30.7,31.3,33.6,35.5,35.9,35.8,37,39.2,40.3,41.6,41.9,45,45.5,48.3,53.6,53.1,52.8,53.7,54.7,52.8,55.4,55.7,57.7,58.6,52.7,66.4,63.9,62.2,61.1,63.9,64.4,63.8,64.5,66.4,67.2,71.1,
Liberia,,,,,,,,,39.8,,,,,,,,,,,,,,,,,,,,,,,,,,,,70.2,,66.1,66,,70.7,,,63.6,,,
Libya,,65.1,111,90.9,108,124,115,111,107,101,91.6,92.1,,98.9,,,,,,,,,,,,,,,,,,,,,,,,,,,,,,,,,,
Liechtenstein,,,,,,,,,,,,,,,,,,,,,,,,,,,,,,,,,,84.2,115,,95.2,103,106,92.4,116,101,105,,100,99.4,97.5,
Lithuania,,,,,,,,,,,,,,,,,,,,,,,,,,93.4,97.5,101,,98.1,97.5,103,104,105,98.8,90.8,93.1,96.6,94.2,101,103,101,96.5,96.2,100,99.1,98.9,
Luxembourg,,,,,,81.7,82.4,84.3,81.1,81.6,,,,80.8,,,,,,,,,,,,,,,,,,,,,,,,,,,83.6,82.2,85,79,77.6,78,,
"Macedonia, FYR",,,,,,,,,,,,,,,,,,,,,,,,,,92.2,95.9,96,,101,97.1,96.3,95.3,93.4,91.7,93,93.7,92.8,92.1,92.5,,,,90.4,90.2,91.4,,
Madagascar,,30.6,33.7,31.8,,34.2,,,,,,,,,,,,,35.6,34.5,34.3,33,31,31.5,28.4,29.2,28.8,,30.1,33.2,36.5,35.7,35.9,39.7,45.4,58.4,57.3,61.6,67.5,73.7,69.7,69.8,67.8,66.3,66.2,66.6,65.4,
Malawi,,,,,26.3,28.4,31.7,37.1,36.8,39.1,39.3,42.2,44.4,40.2,37.8,38.6,37,36.8,30,31.1,33.7,37.2,40.3,43.6,45.8,59.6,68.4,,,66.7,65,64.4,68.7,,59.1,58.3,57,57.3,62,62.4,64.7,67.3,71.5,76.5,76.2,,,
Malaysia,,,,,86.8,,,,,,95.9,92.4,92.5,96.2,95.1,93.6,,93.4,94.1,91.9,89.6,91,,94.1,,,,,97.1,95.6,101,,92.9,93.4,98,104,99.7,97.6,98.5,99.2,97,99.7,106,103,103,103,99.6,
Maldives,,,,,,,,,,,,,,,,,,,,,,,,,,,,119,,,,172,184,184,182,143,132,,115,126,,,,,,100,,
Mali,,,,,,,,,,18.1,,15.4,,,14.8,14.1,,12.5,12.1,,,,,,,,,,,,37.9,43.8,43.5,46.9,48.8,50.3,55.8,58.9,60.5,61.3,64.2,64.5,59.1,,56.5,53.7,54.1,
Malta,,107,111,105,107,94.3,75.5,92.2,90,99.5,105,118,105,101,92.8,108,109,114,101,104,101,98.2,102,103,105,104,101,104,102,104,106,106,106,104,100,96.4,99.1,96,100,93.5,97.3,96.9,95.1,98.5,98.2,98.7,101,
Marshall Islands,,,,,,,,,,,,,,,,,,,,,,,,,,,,,,100,,,111,109,,116,113,114,116,108,,95.9,,,,,74,
Mauritania,,,,,,,14.5,15.1,17.5,22.1,,34.3,,,,37.8,39.9,43.1,48,42.8,36,39,37.3,37.7,37.4,38.5,38.4,42.9,47.3,47.9,,47.4,44.1,,,43,44,54.8,,65.5,,,67.5,69.1,66.1,66.1,57,
Mauritius,,,,,,,,,,,,,,87.8,79.3,93.3,124,101,103,66.9,114,114,108,101,96.7,95.8,93.5,94.4,95,102,104,101,98.3,99,94.5,97,93.6,96,96.9,94.4,99,97.8,94,95.1,95.8,98.5,99.8,
Mexico,,,,,,71.1,73.1,78.3,,,,,,,,,,,,,,,,88.3,89.9,92.8,94.8,95.1,,94.7,94.8,95,96,95.9,97.2,97.6,97.7,97.8,96.4,94.4,93.9,94,99.6,103,105,101,101,
Moldova,,,,,,,,,,,,,,,,,,,,,,,,,,95.1,,,,,,,97.9,95.6,96,99.6,98.4,93,92.2,94.1,91.3,92,89.3,93.3,91.6,90.8,,
Mongolia,,,,,,,,,,,,,,,,,,,,,,,,,,72.4,76.8,72.9,85.9,84.7,84.6,89.8,97.8,99.4,98,94.9,,,,,,,,,,98.8,94,
Montenegro,,,,,,,,,,,,,,,,,,,,,,,,,,,,,,,,,,,,,,,,,,76.8,98.5,,,93.3,91.9,
Morocco,,,,34.4,34.8,36.6,,41.8,45.9,49.2,52.3,53.6,57,58.8,60.8,70.4,67.7,66.7,62.9,53.6,59.8,55.6,53.6,53.7,53.6,55.4,55.8,57.3,60.5,61.6,64.5,65.1,67.2,70.1,76.9,81.5,85.6,86.3,84.7,84,87.8,91.5,99.4,96.3,96.8,96.9,95.3,
Mozambique,,,,11.8,,,,,,,,,47.8,36.7,42.8,42.4,53.6,40.8,33.4,32.3,33.2,33.2,30.7,30.4,31.3,31.9,,,,17.3,20,23.6,27.4,,34.7,47.8,47,50.6,63.4,59.4,62.2,58,54.9,52.2,51.1,51.3,,
Myanmar,,43.5,41.4,51,47.1,,,,,,,,,,,,,,,,,,,,,,,,,74.2,80.6,78.4,79.2,81.4,83.6,,,85.2,87.6,86.1,84.8,,,,,,,88.4
Namibia,,,,,,,,,,,,,,,,,,,,,,,67,,67.9,,,,90.9,90.2,85.8,90.4,87.2,88.5,80.8,81.7,78.5,,74.3,80.7,78,,83,84,,,,
Nauru,,,,,,,,,,,,,,,,,,,,,,,,,,,,,,,,84.3,,,,,,95.7,,,,,88.1,,128,,120,
Nepal,,,,,,,,,,,,,,,,,,,,,,,72.8,,,,,,,74,77,74.5,80,79.8,79.9,82.3,81.7,,80,,,,97.9,97.7,98.8,100,105,108
Netherlands,,96.5,94.5,93.9,92.8,92.8,93.1,92.4,90.8,90.6,91.1,95.3,97.3,97,94.9,90.5,,,,,,,,,,,,,,,,,,,,,,,,,,,,,,,,
New Zealand,103,104,106,105,103,101,100,101,101,104,,,,,,,,,,,,,,,,,,,,,,,,,,,,,,,,,,,,,,
Nicaragua,24.2,27.6,27.9,29.9,,,,31.9,31.7,27.9,30.4,,27.6,27.6,25.5,26.6,33,40.9,40.8,,,,,44.1,49.6,45.7,,,,63.6,61.4,62,70.6,71.3,72.9,77.1,77,77.1,76.1,,81.6,,,,,,,
Niger,,7.28,8.74,8.81,8.5,8.97,9.79,10.8,13.4,12,16.8,18.2,22.1,23.9,25.9,25,27.6,29.5,,19.2,21.6,21.6,22.7,19.3,,17,14,22.2,23.4,24.2,22.1,23.4,25.3,24.2,32.2,35.6,38.6,46.9,44.2,46.7,45.3,50.6,53.8,53.3,64.6,,77.6,
Nigeria,,,,,,,,,,,,,,,,,,,,,,,,,,,,,,,90.3,,,,87.8,91,102,90,75.3,78.9,78.4,,,,,,,
North Korea,,,,,,,,,,,,,,,,,,,,,,,,,,,,,,,,,,,,,,,,97.8,,,,,,,,
Norway,,94.5,,97.3,98.1,98.9,98.7,102,102,101,98.7,99.5,100,,99.8,99.5,98.1,97.4,96.1,95,94.8,99.8,101,100,,,,,97.7,98.2,97.2,101,103,103,103,101,96.7,97.6,99.2,101,99.4,97.2,99.1,101,97.6,98.1,101,
Oman,,,,,2.3,7.6,12.3,,28.5,35.1,,,,49,55.5,53.3,54.7,56.7,62.6,69.2,67.9,,77.9,,72.6,74.8,76.6,77.9,80.8,83.4,83.8,84.2,89,91.3,,,,,,98.3,,95.6,101,94.8,104,100,104,
Pakistan,,,,,,,,,,,,,,,,,,,,,,,,,,,,,,,,,,,,74.5,72,70.2,70.4,71.7,75.6,74.1,77.6,78.6,79.7,77.6,77.6,
Palau,,,,,,,,,,,,,,,,,,,,,,,,,,,,,,,,,,,,,,,,,,,,106,96.9,,,
Palestine,,,,,,,,,,,,,,,,,,,,,,,,,,87.8,87.5,86.3,,94.3,93.9,95.1,92.3,97.4,90.1,93.2,,86.1,88.5,90.3,97.1,90.5,92.7,94.3,99.2,96.4,93.4,
Panama,64.1,68.7,72,77.6,80.9,85.1,95.7,93.8,90.2,89.4,83.9,82.8,79.8,81.5,78.8,79.6,80.1,80.6,79.2,80.5,,,,,,,,,,90.1,92.6,92.3,92.5,,93.3,93.2,90.6,94.4,97.8,98.2,94.1,98.8,101,100,98,,,
Papua New Guinea,,,,,,,,,,,,,,,,,,48.4,51.1,49.9,48.9,46.1,47.3,,52.9,52,53.9,51.2,53.2,,56.7,57.6,59.6,60.8,,,,,,,,,83.5,,,,,
Paraguay,45.2,,46.7,48.6,49.5,49.2,50.3,52.1,52.7,,55.1,58,61.2,63.7,65.3,67.2,65.3,65.4,64.9,64.3,65.4,68.2,72,75,75.5,77.2,81.7,,91.1,87.8,91.5,91.2,93.4,95.9,94.3,94.4,93.5,93.7,93.3,92.4,91.8,89.1,88.6,,,,,
Peru,65,,,,,,,88.8,87.2,86.9,83.5,82.9,,,,,,,,,,,,89.3,,89.3,,,99.5,104,103,98.2,97.6,102,103,102,103,105,104,101,102,98.8,93.6,94.5,95.2,99,103,
Philippines,,,,,,,,,,,,83.7,,87.4,88.1,86.3,84,84.7,85,86.6,,,,,,,,,81.6,83.7,,95.5,90.7,91.5,90.5,89.8,87.5,88.1,88.9,88.8,,,,96.5,,98.8,,
Poland,,,,,,,,,,,,,,,,,,,,,,,,,,,,,,,,,,,,,,,,92.9,93.6,94,94.6,96.2,96,98.3,99.3,
Portugal,,,53.8,57.9,63.1,71.2,64.5,,,,,,,,,,,,,,,,,,,,,,,,,,,,,,,,,,,,,,,,,
Qatar,,71.8,66.9,63.2,59.8,63.6,76.2,75.7,89.5,85.5,83.5,79.2,90.4,,86.4,82.2,75.4,64.5,70.6,70.9,71.2,74.1,63.2,63.1,63,55.2,47.7,,87.2,92.9,,,,105,,92.8,85.9,104,109,103,,99.2,,94.4,87.5,90.4,94.2,
Romania,,,,,,,,,,,,,,,,,,,,,90.2,,,77.7,,,,,,94.3,95.3,94.3,90.7,95,99.6,103,98.9,,92.3,93.2,94.8,97.9,95.4,,,93.9,91.8,
Russia,,,,,,,,,,,,,,,,,,,,,,,,,93.8,92.1,,,,,,,,,,,,,,,,,,,99.9,101,,
Rwanda,,26.5,28.9,31.1,32.8,33.7,,34.9,,,40.5,51.9,51.3,48.6,49.7,50.1,46.1,44.5,45.1,45.3,44.3,44,47.9,,,,,,,30.6,24.9,25.8,31.2,41.7,42.2,,,,50.5,66,66.3,,65.3,62.1,56.3,56.4,61,
Samoa,,,,,,,,,,,,,,,,,,,,,,,,,,,,,,99.9,92.7,89.7,,,,,,110,,108,107,102,105,,103,102,106,
San Marino,,,,,,,,,,,,,,,,,,,,,,,,,,,,,,,,,,,,,,,,90.4,95.9,91.8,97.8,,,,,
Sao Tome and Principe,,,,,,,,49.5,,,,,,,114,,,,70.5,,,,,,,,,,,44.6,,,50.5,54,68.8,72.5,,70,72.3,79.4,77.9,105,,93.6,83.6,,77.3,84
Saudi Arabia,,,,,,,,,,48,,,,,,,,,,,,,,,,,,,,,,,,,,86.5,,94.8,99.4,,,102,106,112,124,118,121,
Senegal,,34.3,34.1,,,,,,38.3,40.3,37.5,39.9,40.7,41.9,42.5,43.6,46.5,,52.7,53.9,52.1,,47.7,,46.2,,47.1,47,49.2,,44.5,49.1,50.8,50.2,50.4,55.2,50.5,51.6,57.5,57,55.6,58.6,56.9,56.8,56.5,54.8,54.3,
Serbia,,,,,,,,,,,,,,,,,,,,,,,,,,,,,,,,,,,,,,100,104,96.9,96.3,104,97.8,98.5,102,101,99.3,
Seychelles,82.2,91.8,99.2,,91.7,89.9,98,90,94.9,,95.7,90,94.2,104,94.2,91.2,114,99.3,87,89.2,,99.1,101,97.9,99.8,,,103,94.2,97.7,97.1,105,105,107,103,115,,112,112,106,112,110,111,116,129,123,129,
Sierra Leone,,,,,,,,,30.6,,,,,,,,,,,,,,,,,,,,,,,,,,,,,85.3,,,,68.9,64.6,63.2,,58.8,67.6,
Singapore,,,,,,,,,,,,,,,,,,,,,,,,,,,,,,,,,,,,,,,,,,,,,,,100,
Slovak Republic,,,,,,,,,,,,,,,,,,,,,,,95.9,96,98.1,98.1,97,95.2,97.9,98,96.9,100,97.5,98.8,96.7,92.7,94,94.9,97.3,98.7,98.5,96.5,92.8,94.9,96,96.3,,
Slovenia,,,,,,,,,,,,,,,,,,,,,,,,,,,,94.6,98.6,99.2,97.7,95.7,97.3,102,114,,,,97.4,95.9,97.6,96.2,102,98.7,99.5,97.5,,
Solomon Islands,,,,,,57.9,,,,,81.5,71.7,64.6,60.8,,,59.5,,,,,,,,,,,,,,,,,,,,,,,,,84.7,84.3,,,,,
South Africa,,,,,,,,,,,,,,,,,,,,,,69.2,,,,,,,84.4,80.3,83.3,,87.3,91.2,97.1,,,,,,,,,,,84.8,,
South Korea,,98.6,101,109,106,105,109,102,101,103,98.9,104,101,103,109,106,105,104,99.6,95.5,98.7,96.6,107,107,108,108,,96.4,97.5,101,102,98.8,93.8,99.6,99.3,98.4,100,102,100,101,101,103,110,102,94.1,98.4,,
South Sudan,,,,,,,,,,,,,,,,,,,,,,,,,,,,,,,,,,,,,,,,,,33.2,,,,,,
Spain,,,,,,,,,,,,97.4,97.2,98.3,102,103,103,100,105,104,100,,,101,102,,,,,,,,,,102,,96.8,98.2,99.6,102,104,102,102,98.9,97.4,98.5,96.8,
Sri Lanka,64.3,,,,,,,,,,,,,82.5,,84.3,83.6,89,,94.9,96.5,99.2,99.1,,,,,,97.5,,,108,114,105,,101,100,97.9,92.6,92.9,100,103,98.2,99.9,99.1,99.7,102,
St. Lucia,,,,,,,,,,,,,,99.9,96.1,,,,,,125,121,,126,,,,,,,,,104,107,107,103,108,113,,,,,,,,,,
St. Vincent and the Grenadines,,,,,,,,,,,,,,,,,,,,,,,,,,,,,,,,,,86.5,90.5,,,,114,,96.7,82.2,100,111,102,97.8,98.1,
Sudan,,,,,,,,,,,,,,,,,,,,,,,,,,,,,,,,,,,,,,,,,67.5,,61.8,61,,62.4,,
Suriname,,,,,,,72.6,78.8,73.6,77.3,,,,,,83.5,,80.2,78.7,82.2,,,,,,,,,,,,,,,,66.6,73.3,65.5,74.6,78.4,81.8,80.9,81.8,80.4,83.5,86.1,83.6,
Swaziland,44.2,42.6,44,51.3,55.4,56.2,56.2,56.5,54.2,53.6,52.4,57.7,57.8,60,59.2,59.5,61.2,61.4,62.3,58.7,59.4,57.7,56.5,58.6,59.7,60.7,58.8,58.9,61.7,58,60,58.2,60.1,57.3,60.7,63.5,65,76.1,,71.7,74.6,75,74.6,76.7,74.3,79.7,,
Sweden,,93.1,93.1,89.4,90.2,91.8,96.3,103,104,105,103,96.2,92.2,92.8,98.2,,,101,98.3,96.3,97,96.1,100,105,103,,,,,100,98.9,102,103,106,105,100,95.6,94.8,94.6,92.8,97,102,102,103,101,104,,
Switzerland,,,,,,,,52.8,60.2,57.8,56.6,51.2,51.2,51.4,50.3,50.6,49.5,48.8,47.9,49.1,50.9,53.4,54.6,61.8,62.8,,72.8,,,93.7,94.6,96.6,96.6,96.5,97.6,95.3,92.3,91.9,93.1,94.2,94.4,95.2,95.9,96.1,94.6,94.4,95.8,
Syria,,74.7,79.1,78.3,82.1,87.7,91.9,95,96.6,92.3,89,89,93.1,94,93.2,94.4,94.7,94.4,93.7,94.4,95,96.3,101,92.7,94.7,93.2,94.6,95.1,94.6,95.2,94.4,95.9,98.5,107,109,109,109,106,104,103,105,108,110,66.2,,,,
Tajikistan,,,,,,,,,,,,,,,,,,,,,,,,,,,,,,,,,,,,,,,,97.8,101,102,97.5,,97.7,99.1,93.7,92.7
Tanzania,,,,,,44.6,49.4,,,,,87.1,97.1,102,129,,71.3,67.8,61.3,47.9,,61.7,55.9,58.8,56.3,,,57.8,48.4,56.1,48.9,54.1,58.5,,58.5,56.2,72.9,83.3,,99.1,83.7,,73.4,69,,,,
Thailand,,,,,,42,43.8,43.7,44.5,,,73,,,,,,,,,,,,,,,,,,89.2,85.4,87.5,,,,,,,,,,,,,,92.9,,
Timor-Leste,,,,,,,,,,,,,,,,,,,,,,,,,,,,,,,,,,,,,,,77.2,66.7,64.7,72.6,79,87,95,98.1,93.1,
Togo,,37.6,44.9,,,,62.8,,74.1,71.9,73.8,69.1,64.9,63.4,55.3,48,47,45.3,51.3,42.2,49.9,49.6,50.4,,38.4,54.8,63.8,,,72.8,82.1,88.8,,86.2,87.4,86.4,85.7,,77.3,75.9,79.7,81,83.4,84.9,89.9,87.2,,
Tonga,,,,,,,,83.8,90.5,114,,132,126,,119,96.6,103,,,,135,99.4,,105,,,,,108,104,,107,,,,108,101,,,,,,99.8,115,,,,
Trinidad and Tobago,,,,,,,,,,,,,112,,,97.2,,,93.8,,,96.7,97.2,96.8,,,86.2,87.7,,98.7,92.2,85.4,,88.7,94,90.3,,95.5,93.6,95.6,94.7,,,,,,,
Tunisia,,,,76.9,,,80.3,82,86.6,72,74.4,98.5,74.5,73.5,76.7,76.3,78.9,80.2,78.7,83.6,87.3,80.6,,77.7,83.6,93.2,89.2,91.3,,88.5,87.8,88.6,93.9,97.5,101,103,,104,92.8,87.7,99.3,,,96.4,99.1,103,,
Turkey,,,,,,,,,,,,,,,97.2,98.4,101,101,114,99.6,100,102,108,101,101,98.2,,,,,,,,,102,106,102,100,101,99.7,99.7,102,101,,92.2,93.1,,
Tuvalu,,,,,,,,,,,,,,,,,,,,,,,,,,,,,,,,96.1,83.5,88.5,94.3,102,89.3,,,,,,,,102,102,,
Uganda,,,,,,,,,,,,,56.9,,,,47.7,,,,,,,,,,,,,,,66,66.8,66.1,61.4,59.2,,53.8,57.6,72.6,55.6,53.4,54.3,54.2,57,,51.7,
Ukraine,,,,,,,,,,,,,,,,,,,,,,,,96.9,94.4,,,,,99.8,96.1,99.8,101,,,118,105,100,97.3,94.4,96.1,96.2,97.1,103,103,,,
United Arab Emirates,,,,,44.7,41.7,52.4,59.1,63.5,67.2,67.6,72.2,84.1,82.3,77.4,74.5,73.4,73.2,72.6,81.4,91.6,98,95.6,92.3,90.3,88.4,84.3,86.2,83.3,81.3,78.2,74.5,81,,,,,96.4,,83.6,81.9,86.8,95.4,95.7,98.7,103,,
United Kingdom,,,,,,,,,,,,,,,,,,,,,,,,,,,,,,,,,,,,,,,,,,,,,,102,,
Uruguay,,,,,66.8,,69.7,68.7,67.6,69.8,70.8,,,,,85.1,84.9,89.1,89.9,91.2,91.9,92.5,90.6,92.1,92.1,92.8,92.3,94.3,96.9,94.9,95,93.9,92.4,90.1,91.6,93.4,98.4,103,105,105,105,,,104,103,102,,
Uzbekistan,,,,,,,,,,,,,,,,,,,,,,,,,,,,,,,,101,103,95.8,94.2,96.2,98.3,96.6,94.9,92.5,92,93,93.2,97.3,96.7,98.5,96.7,98.4
Vanuatu,,,,,,,,,,,,,,,,,,,,,,,85.3,,77.1,,,,92,,89.9,106,,,91.4,,,81.6,78,81.9,80.9,,,90.2,,,,
Venezuela,,,,,,,,,,,,,,,,,,,74.9,74.4,,76.3,79.9,79.3,,,76,76.5,,77.1,79.1,80.3,87.4,85.7,85.6,87,90.9,93.6,92.3,92.3,91.2,92.4,93.8,93.8,95.3,94.6,91.6,
Vietnam,,,,,,,,,,,,,,,,,,,,,,,,,,,,,,102,101,107,104,103,,,,,,,,,,99.1,104,104,105,
Yemen,,,,,,,,,,,,,,,,,,,,,,,,,,,,,,74.6,,76.9,74.3,76.8,74.4,72.3,,,73.7,,74.4,,78.2,76.8,,,79,
Zambia,,,87,87.9,91.8,92.9,93.1,94.2,98.3,96.7,97.6,96.9,98.8,101,109,,103,,,,,,,,,,,,70.4,68.1,64.4,,64,,74.2,92.5,86.6,90.6,94.2,87.7,90.9,,85.8,79.7,,,,
Zimbabwe,,,,,,,,,,,,,,,94.6,,,,,,,,,,,,,,,95.8,,95.3,88.1,85.9,,,,,,,,,86.9,88.2,,,,
